review_id,product_id,reviewer_id,stars,review_body,review_title,language,product_category
en_0853851,product_en_0691102,reviewer_en_0203389,1,I did receive the item and it says it did arrive I don’t approve bc I wasted money on it,I don’t recomend,en,other
en_0737292,product_en_0509265,reviewer_en_0357543,1,"The difficulty I had with using these is that you it goes around the entire headrest -- which means that if the seats have video screens on the backs of them, you're going to be obstructing the person's view behind you! So that's not an option. On seats without video screens I did use it, but it was really awkward and my head was held in this straight upright position which actually wasn't that conducive to sleeping. If you're on Spirit or Frontier where the seats don't recline -- really not comfortable unfortunately.",Will block screen if there are screens on the backs of headrests. Not comfortable on seats that don't recline,en,luggage
en_0574934,product_en_0898135,reviewer_en_0460742,1,Did not include the safety glove promised in the description. Food guard was dirty--appeared used. Emailed the customer service account on the included card Sunday afternoon and have not received a reply as of 8:30 pm Monday. I will update my review if the seller fixes their errors.,"Missing glove, dirty guard, customer service MIA",en,kitchen
en_0561880,product_en_0665297,reviewer_en_0481291,1,"I received an email from Amazon.com stating that if I downloaded their Amazon Underground app and signed once, that I would receive $10 if done so before Dec. 4 2017. It's Jan 11 2018. To date have not received said funds.",Received questionable email from Amazon.com pertaining to this app.,en,other
en_0007287,product_en_0533382,reviewer_en_0542162,1,"They float. The bag says they don’t, but they clearly do. Dusty and dirty.",Floaters,en,lawn_and_garden
en_0142252,product_en_0982718,reviewer_en_0840724,1,Did not work. Save your money.,Waste of money,en,baby_product
en_0341981,product_en_0977415,reviewer_en_0717249,1,Probably will not order online again. The boxs came opened.,Opened Boxes,en,drugstore
en_0198618,product_en_0042574,reviewer_en_0462101,1,It tore at the seam after having it for a week,Very cheaply made,en,luggage
en_0364590,product_en_0295806,reviewer_en_0729723,1,Gives the cats hard stools and constipation will never ever never ever buy this again. I feed it to the pigeons now,Zero quality,en,pet_products
en_0002372,product_en_0558472,reviewer_en_0593967,1,"I expected cheap, but at the very minimum expected instructions. None were included. This ended up being so frustrating!",Did not get instruction manual,en,furniture
en_0846870,product_en_0650481,reviewer_en_0506427,1,These ruined my product! I was excited to use these to make my necklaces look more professional but everything I used them on discolored so bad. I can't sell them now! Don't buy!!,They ruined my pruduct!,en,home
en_0360306,product_en_0043651,reviewer_en_0782689,1,Did not fit my phone at all,Junk,en,wireless
en_0982702,product_en_0442806,reviewer_en_0308720,1,Didnt fit properly in our Samsung phones or tablets didnt really change well,Doesnt work well,en,wireless
en_0181907,product_en_0311173,reviewer_en_0278494,1,"This is horrible!! This item is so cute, but not worth it!! It took both me and my husband 2 hours to work on, only to not finish it because it is not level and pieces don't match up. I read reviews, some good some bad. Bit this is really bad!! I would not recommend getting. The door does not match up to stay on, even with the lock on. The horses hair does not match up to screw together completely, the one tire stays in the air even tho it's on the correct side. That's as far as we went since nothing was working right. Calling the company in the morning because we are very unhappy parents.","DO NOT BUY, DO NOT BUY",en,toy
en_0951758,product_en_0773788,reviewer_en_0216264,1,"Great ring, wore it occasionally, not daily. Received lots of compliments, but 3 of the stones have already fallen out and I’ve only had it 2 and 1/2 months. Pretty sad because it’s a beautiful ring.",Stones fell out,en,other
en_0223586,product_en_0481537,reviewer_en_0626609,1,Paper thin pillow. Returning immediately.,One Star,en,home
en_0133019,product_en_0973256,reviewer_en_0258443,1,Took this off about an hour after applying because my buttons would not work,Do not buy,en,wireless
en_0339151,product_en_0920422,reviewer_en_0069268,1,This is not human hair. It tangle from the first day I put it in. It sheds real real bad.,Don't like it,en,beauty
en_0864531,product_en_0040107,reviewer_en_0164956,1,Suction cups don't stay on glass.,Don't waste your money.,en,pet_products
en_0014277,product_en_0524050,reviewer_en_0475664,1,I bought 3. All 3 broke on the first job where i used them.,Didn't even last one hour...,en,other
en_0165695,product_en_0717687,reviewer_en_0629639,1,"The colors are not very ""assorted"" they are very similar in color. Not like the picture shown at all.",NOT like described,en,office_product
en_0098323,product_en_0312748,reviewer_en_0552433,1,"The box was not closed securely or taped so it could not open, so when the package arrived, nails were out of the box and most were broken into smaller pieces. Very poor planning on the Spot Nails and Amazon. Lesson Learned will not order items like this in the future online.",Box not closed securely or taped,en,other
en_0817248,product_en_0495428,reviewer_en_0459134,1,"I have this stool not even one year, the hydraulic bar is not functioning",One Star,en,furniture
en_0177628,product_en_0861882,reviewer_en_0173979,1,"Bought two based on the number of positive reviews, first one broke within 3 uses. Just taking internal meat temperature in my home kitchen. LCD screen flashes in and off with ERR message. Doesn’t work at all. Avoid.",Mine broke after 3 uses,en,kitchen
en_0540951,product_en_0734293,reviewer_en_0988921,1,"Not great, they stop working after a few weeks. I’ve purchased them 4 times now because the first 2 weeks they work well and are perfect for night time but they stop working after about 2 weeks",Get a different product,en,home_improvement
en_0940713,product_en_0652820,reviewer_en_0069109,1,"Impossible to put together, trashy construction and came bent!",Trash,en,lawn_and_garden
en_0868587,product_en_0590741,reviewer_en_0965387,1,Ok bulbs but packaging 10 of these could use some work,4 of them were broken upon arrival,en,home_improvement
en_0310159,product_en_0215238,reviewer_en_0137498,1,Like the bulbs bought two one came broke in the package not sure how to get replace ?,One Star,en,home_improvement
en_0778304,product_en_0245063,reviewer_en_0355492,1,I was super excited about this decal but It’s been 2 months since I ordered this product and still no arrival. I’ve tried contacting the seller two times now with no luck. My tracking number says it’s in transit but I’m assuming its been lost. If I ever receive my decal will change my rating when I receive my product.,Where’s my stuff ?,en,home_improvement
en_0804455,product_en_0582693,reviewer_en_0041108,1,Stole my money and haven’t given it back . I never received the package . Don’t buy from here,A scam,en,drugstore
en_0328488,product_en_0198713,reviewer_en_0354990,1,Seal was broken. Product looks different than prior purchase.,Unhappy with purchase,en,lawn_and_garden
en_0462975,product_en_0259052,reviewer_en_0135994,1,Product didn’t work as stated. Followed directions and it’s currently the 8th day and haven’t seen any peeling or difference. Will not buy again. Very disappointed. Will be buying Baby Foot.,Don’t purchase,en,drugstore
en_0565881,product_en_0511147,reviewer_en_0018920,1,The seeds were received quickly but were spilled out into shipping envelope.,Spilled in shipping,en,lawn_and_garden
en_0636834,product_en_0499961,reviewer_en_0966400,1,This design causes the fan to constantly move away from you and swirl around. Buy one that is enclosed all the way around.,Terrible design,en,drugstore
en_0106633,product_en_0675938,reviewer_en_0081288,1,Bought these and have had them up two weeks and most of them already not working,One Star,en,home_improvement
en_0087364,product_en_0889458,reviewer_en_0547391,1,"I bought this for the wireless charging capability. I was disappointed that when using wireless charging, it will charge for a few minutes and then it stops charging. You have to continuously check on it to make sure the charging has not shut off. I bought three of these. One for myself and two for gifts. Then I ordered a forth one for another gift. All four have a the same problem. I would not buy again.",Wireless charging stops after a few minutes of charging,en,wireless
en_0867652,product_en_0428812,reviewer_en_0484947,1,I never received the package!,Unreliable,en,office_product
en_0779152,product_en_0055020,reviewer_en_0651028,1,I ordered a 2 pack and only received one pack!,One Star,en,camera
en_0879650,product_en_0343074,reviewer_en_0643189,1,I loved the look of this band but unfortunately it has a cheap clasp and I lost my entire Fitbit!,Cheap Clasp-Lost Fitbit,en,sports
en_0635600,product_en_0702677,reviewer_en_0094605,1,"Works for a minute or so, then gets the error, “This accessory is not supported by this iPhone.” iPhone XR. When reading all the 5 star reviews, they seem fake or irrelevant. Hope this helps someone out there, good day.",Not a supported accessory,en,wireless
en_0863454,product_en_0892950,reviewer_en_0588200,1,Are these even Bunn filters? Not packaged as indicated in the photo. Just filters stuffed in plastic bags. I have no idea who made these.,Are these even Bunn filters?,en,industrial_supplies
en_0100838,product_en_0796865,reviewer_en_0612645,1,"Flimsy, too small, very disappointing.",Not happy,en,pet_products
en_0378808,product_en_0065699,reviewer_en_0254599,1,I did not receive order.,It did not arrive,en,grocery
en_0167781,product_en_0887766,reviewer_en_0397426,1,Very bland tasting and over-priced whole food brand.,One Star,en,grocery
en_0995880,product_en_0234624,reviewer_en_0313994,1,"I should've known better than to purchase this. It looked cheap and is extremely cheap. The top of the zippered pouch busted open the 3rd time I used it. The worst part is that when folded, that part is upside down which means I can't store anything in that pound anymore. Pretty much rendered it completely useless.",Broke the 3rd time I used it,en,apparel
en_0066766,product_en_0379546,reviewer_en_0884709,1,I ordered this product and did not receive my items,One Star,en,apparel
en_0229378,product_en_0150241,reviewer_en_0482475,1,"This said american size, it was chinese size and way too small XXL is a large",One Star,en,apparel
en_0020171,product_en_0496006,reviewer_en_0540951,1,"This item's string has already broken on each side of the sleeping mask. I have had to ""save the day"" by sewing it back together. For 6 or more dollars, it's not worth it. I should not have to sew it!!! Bummer cause it's cute and fits my 6 year old.",Cheap :(,en,luggage
en_0968777,product_en_0266136,reviewer_en_0587617,1,"I find other aromatherapy vaporizers more pleasant smelling, and they're less expensive.",One Star,en,beauty
en_0193755,product_en_0297048,reviewer_en_0419293,1,"It’s difficult to position the nail just right for it to be illuminated and trimmed. Forget trying this item to illuminate your dogs nails if your dog has black nails, you can’t see anything through black nails. Don’t waste your money.",Doesn’t work on black nails.,en,pet_products
en_0452426,product_en_0559012,reviewer_en_0211806,1,arrived in very bad condition while the packaging was impeccable,BAD,en,toy
en_0591222,product_en_0128200,reviewer_en_0545205,1,Open the box and discover a top side snap already cracked. I want to give this a chance but wonder about the durability of this product now.,Does not seem durable - snap top already cracked.,en,kitchen
en_0243936,product_en_0454639,reviewer_en_0130515,1,"PURCHASE WITH UNDERSTANDING THAT THE KEY WORK, FOR MY CAR, YEAR AND MAKE..... BROUGHT TO HAVE IT CUT AND KEYED.... CUT BUT COULD NOT BE CODED... SO USELESS..... BEST GO TO DEALER... IN LONG RUN.... I HAD LOST MONEY TRYING TO GET IT TO WORK... SO LOST MONEY... AND STILL DO NOT HAVE THE AUTO KEY I NEED......","DID NOT WORK, COULD NOT BE CODED",en,automotive
en_0712253,product_en_0286654,reviewer_en_0961820,1,Order was for UNSCENTED. Received scented!,Shipped wrong product,en,beauty
en_0186916,product_en_0356333,reviewer_en_0602984,1,"UPDATE: The seller send out another tent for me, BUT THE WRONG ONE!!! The canopy that initially bought had all the sides included, but the replacement DIDN'T. They answered me very fast! Excellent costumer service, BUT again, sent me the wrong item. I'm contacting them again and HOPEFULLY getting the right item at my door! I'll update this review accordingly. It is hard to believe that this ""GREAT"" tent didn't pass to the test of a VERY light rain. AND the first rain it ever had. Just hard to believe. First of all and don't get me wrong; this tent is large, beautiful, easy to assemble/disassemble AND very sturdy (Supposed to!) I have this tent for literally 1 month and 1 week without any problem. NONE! Until today after work! Just could not believe when I got back from work I saw half of the tent on the floor. I use the tent to cover some artwork that are in process and some are work that'r done. Luckily, I covered everything that I create for extra security. I have not contacted the company for I REALLY want to give a 5 stars for this product. I want to test their responsibility for this damage, for paying $200 dollars for this product I expected it being able to hold at least a small ""glass of water coming from the sky"", thing that it didn't. I'm not sure if the product had any problem, and if had, I wasn't aware of. I definitely don't ask for many refund, but for a new tent. When I get the feedback form the seller (hope) I update this review accordingly. For now, if I could give Zero Star I would.",Hard to believe!,en,lawn_and_garden
en_0236997,product_en_0022795,reviewer_en_0318332,1,"I bought this to sharpen my Wustof Ikon knife set, but it did not work. In fact it seem to strip the edge off my knives and make them worse than ever.",Did not work,en,kitchen
en_0106298,product_en_0515737,reviewer_en_0879626,1,I ordered xxx- large and they sent size medium.,One Star,en,other
en_0210313,product_en_0663992,reviewer_en_0419084,1,"2hrs trying to sign.....kept telling me wrong user id or password. If I said I forgot and wanted to reset, it would ask for my email address then proceed to tell me my email address was wrong. Got really frustrated and haven't tried since!!!!",What's wrong with this app,en,other
en_0527053,product_en_0957183,reviewer_en_0369189,1,Feels cheap. It fits though.,Quality was not good.,en,apparel
en_0701693,product_en_0087992,reviewer_en_0906054,1,"Just the sticker , scam",One Star,en,wireless
en_0087265,product_en_0650849,reviewer_en_0515599,2,Grandson wears size 14. Has had Many pair of nikes. First pair that didn’t fit.,Not pleased with process to return,en,sports
en_0829326,product_en_0649185,reviewer_en_0070368,2,"These solar lights are to help illuminate our pool deck and patio; however, even after charging in the sun all day, the light given off is very weak and could be a safety hazard.",Not much light even after all day in the sun,en,home_improvement
en_0097412,product_en_0299974,reviewer_en_0436671,2,crotch came apart. They were beautiful though. Wish I had another pair. Had to send these back.,They were beautiful though. Wish I had another pair,en,apparel
en_0576739,product_en_0746560,reviewer_en_0648920,2,Disappointed and bored. I was expecting a lot more action.,Yawn,en,other
en_0049996,product_en_0767015,reviewer_en_0472887,2,The glass on the screen is very prone to scratches.,Prone to scratches.,en,wireless
en_0023683,product_en_0807495,reviewer_en_0532561,2,Very unfinished. Rough surface.... poor 3D printer quality,poor 3D printer quality,en,sports
en_0281032,product_en_0188829,reviewer_en_0068882,2,I tried with and without the filters and can’t tell the difference. I am extremely particular about the water I drink so it’s not like I just couldn’t tell the difference. The filters don’t fit securely in the cartridge holder so if they make any difference at all you can’t tell maybe because the water passes around the filters rather than through them. I do not recommend.,Can’t tell the difference,en,kitchen
en_0987542,product_en_0098414,reviewer_en_0447442,2,Just not crazy about the flavor.,Not the best tasting in my opinion,en,grocery
en_0517055,product_en_0059707,reviewer_en_0323590,2,Well i love this movie but the inside of the case was broke and the disc was scratched up from being loose in the case. Really disappointed,Broken case and loose disc..,en,other
en_0075327,product_en_0780398,reviewer_en_0516357,2,"I bought this can opener for my mother who has trouble opening cans due to a hand injury. This can opener does its job but it has a hard time opening cans, it sounds like the batteries are going to die even though they are brand new, it turns super slow and I almost think it sounds like it wants to break. Overall it’s still kicking but I would have rather bought a old fashion plug in can opener.",Does it’s job with some struggling.,en,kitchen
en_0941733,product_en_0959328,reviewer_en_0515640,2,"Ordered the size I always buy and it’s too small, disappointed in the sizing of the garment, other than that it a very nice garment.",Sizing,en,apparel
en_0021765,product_en_0208566,reviewer_en_0706572,2,"This shampoo did not remove orange from my hair, in fact, it brought back orange! It stripped the dark ash blonde dye from my hair and left it back in its orange state. My hair felt very soft in the morning, that’s why I’m giving it 2 stars. But it did not tone the orange out at all, it made my hair even more orange. I will use it a few more times and if it starts working I will update my review.",Does not work!,en,beauty
en_0422019,product_en_0715312,reviewer_en_0854115,2,Absolutely Giant. Order in the next size down. Or dont order this at all...,Too Big,en,apparel
en_0886190,product_en_0493473,reviewer_en_0642215,2,"Extremely strong chemical smell, made my pet rats sick. I can't imagine this being safe for any animal. I let air outside for over a week, and the chemical smell is still there.",Not safe due to chemical smells.,en,pet_products
en_0375426,product_en_0490824,reviewer_en_0288803,2,"I ordered this bc my 9 year old son had a wart on the back of his head. My husband put it on his wart several times and it never went anywhere, smh.",Didn’t do anything,en,drugstore
en_0577473,product_en_0612848,reviewer_en_0507031,2,"Printing looks very nice paper very nice quality, but the quality is lacking. Flaps are same image on all sides, no words on some sides. No Dumbledore office on our copy. Initially seems good, then disappointing.","Initially seems good, then disappointing.",en,toy
en_0900485,product_en_0766867,reviewer_en_0891949,2,These are tiny or mini(not mentioned in description). If I had known they were this small I would not have paid $10 for just eight of them. I have to admit they do work.,Extremely small coil hair ties.,en,beauty
en_0188946,product_en_0067976,reviewer_en_0265476,2,"I think the idea has merit but lacked in performance for me. The gloves are durable but very cumbersome and unwieldy. Plus when they are covered in dish soap, they're very slippery, and I'm always afraid of dropping dishes because of the lack of grip. The silicone will not scrub off any stuck-on food either. Alas, it's back to the regular gloves and sponge for me.",Not exactly what I expected,en,drugstore
en_0713362,product_en_0429649,reviewer_en_0823776,2,"I was hoping to give this item as a gift to somebody, but the item’s box came so torn apart and dirty that I ended up getting something else for them and just keeping this for myself. Even so, I think this item is a really fun idea and would have made a great gift if it weren’t so torn apart when it arrived.",Cool item but very poor packaging,en,home
en_0256854,product_en_0975336,reviewer_en_0245851,2,"Whatever material they use for ""tummy control"" is scratchy and uncomfortable",Scratch material in the waist area,en,sports
en_0594474,product_en_0623858,reviewer_en_0291335,2,Very dissatisfied with the fit. Would not recommended buying.,Would not recommended buying.,en,apparel
en_0630955,product_en_0321328,reviewer_en_0931802,2,"They were okay for absorbing water, but they didn’t stay in place. They were constantly slipping and sliding all over the bathroom. Eventually replaced.",Don’t stay in place.,en,home
en_0506275,product_en_0858428,reviewer_en_0290824,2,"The construction seems good, but it is way too small for a size large.",runs small,en,apparel
en_0876945,product_en_0236164,reviewer_en_0997719,2,"Bought this thinking it was a great deal just to be disappointed. This was supposed to be a brand new bottle, however, the bottle was only half full at best. I could see some of the contents dried on the outside of the neck where it appeared that someone emptied a portion of the bottle into another container. Definitely was NOT a full bottle as advertised.",Full price for half the product!!!,en,industrial_supplies
en_0245097,product_en_0990827,reviewer_en_0447907,2,"It is an excellent graphics card, but it came to me used, or is what I think, when it opened it was missing the backplate protector and also lacked the serial number that is also attached to the backplate, talk to Amazon about this problem. and they told me that all the products they were selling were new, it is very rare because they did not even open it.",Product used,en,pc
en_0461803,product_en_0051664,reviewer_en_0116883,2,See through- the thin material,See through,en,apparel
en_0597009,product_en_0057043,reviewer_en_0521891,2,"It worked as intended for several months but then it sorta just died out. I was getting more disconnections and sometimes just flat out no internet for hours when the router was working fine. My TP-Link pretty much died, but it might not be the same for you, i probably just had a bad defective one. I know it's the product since i have replaced it with a different product that has yet to fail on me. Purchase with caution, might work better on a laptop than a desktop for just simple basic things like checking emails and what not. Unless you're a gamer or some one who watches streams frequently, i would recommend something else, otherwise it might be the thing for you and its affordable.",I was getting more disconnections and sometimes just flat out no internet for hours when the router was working fine. My TP-Link,en,pc
en_0683035,product_en_0418817,reviewer_en_0826840,2,Ring is beautiful but not sterling silver!after about two weeks it started to tarnish i’m Very disappointed because I really liked this and also had it personally engraved,Don’t Waste Your $!!!,en,jewelry
en_0502771,product_en_0708728,reviewer_en_0590210,2,Skipped lot of pages due to the per-marital sex. Violence. Some parts of the story were good stories.,Lot of premarital sex.,en,digital_ebook_purchase
en_0937268,product_en_0219458,reviewer_en_0299254,2,Its a $50 go pro. If you are expecting standard 2018 quality then you might be disappointed. Its more like 2014. Go get a used gopro,Its a $50 camera,en,camera
en_0460401,product_en_0046795,reviewer_en_0457848,2,The Envelope adhesive was applied to the wrong areas so when you fold the envelope the 2 self sealing adhesives don't line up. I had to tape each envelope because even liquid envelope adhesive sealer didn't work because one side of it was hitting the self sealing adhesive. The pic shows and outline where the adhesive hits and how the 2 sides don't line up. The forms were good and worked with QuickBooks fine.,"Envelope doesn't seal, but forms are fine",en,office_product
en_0608807,product_en_0228515,reviewer_en_0690827,2,use fakespot.com to analyze the quality of the reviews after I purchased the product. It is full of unreliable feedback,Fake REVIEWS,en,drugstore
en_0724758,product_en_0018166,reviewer_en_0996242,2,"L' Amour stories all rate an A+, except for one of his earlier shorts. But the collections bother me. I have read several of the collections in which I have found one or more shorts in them that I read in another collection. Seems to me somebody is just trying to stuff the book to make more money. I doubt I'Amour was that type of a person. A",Some good...some the same contained in other collections.,en,digital_ebook_purchase
en_0227686,product_en_0799889,reviewer_en_0302018,2,Completely different cover than I ordered. I didn’t return it due to school starting and needing it.,Is different than I ordered,en,office_product
en_0446730,product_en_0568529,reviewer_en_0949567,2,Bear was alittle too big. The description of product didn't have size of cutters.,Cute but little too big,en,kitchen
en_0615055,product_en_0195246,reviewer_en_0885454,2,"After prying (and I mean prying to point of bending steel) the two bowls apart, we found that the clamp doesn't really snug up against most standard cage wire very well. You'll need to add some washers or rubber to keep the bowls from tipping sideways :(",Nice bowls with poor attachment features,en,pet_products
en_0543284,product_en_0909828,reviewer_en_0342081,2,Magnetic connections fail soon after using it. Lasted 4 weeks,Two Stars,en,electronics
en_0341678,product_en_0669462,reviewer_en_0117179,2,The colors of the fiesta tortilla warmers were vibrant and awesome. I loved the idea of having three. The plastic seemed very durable. The reason for two stars: The kids seemed to go very far into the container making little room for the tortillas. I returned these because one of the container was deformed and the lid would not fit the container. Wish they would have worked.,Deformed but sturdy,en,kitchen
en_0056650,product_en_0879699,reviewer_en_0864340,2,The color is way off and the picture doesn't fit the whole screen.,The color is way off,en,electronics
en_0170892,product_en_0027639,reviewer_en_0307645,2,Cats loved it until the tip broke off it could be a bit more durable but all in all decent cat toy,End of wand is weak,en,pet_products
en_0436046,product_en_0214004,reviewer_en_0170477,2,I bought it from Amazon warehouse and it said it might have missing bolts that is fine but it came with bolts and broken end caps,Broken end caps,en,automotive
en_0714896,product_en_0411607,reviewer_en_0605332,2,"The legs of these shorts are HUGE. (No, I do NOT have skinny thighs). I am 5'3"", 155 pounds and purchased a size 10. The waist sits right below my waist, but the crotch is very tight. Pulling the front of the shorts down in the front did not work. The material is okay, not heavyweight, but good for summer, hence the 2 star rating.","These are NOT ""skinny shorts""",en,apparel
en_0063224,product_en_0289431,reviewer_en_0510173,2,well this dress is super cute and flirty- i have a large chest size so unfortunately it was too tight and the elastic around the shoulders do not give grace to it was even tighter- cute but returned,Cute but too short and the elastic on shoulders tights,en,apparel
en_0648519,product_en_0913106,reviewer_en_0791623,2,Did not look like picture. Was more like a shirt than a actual dress.,Way to short,en,home
en_0776613,product_en_0656224,reviewer_en_0094195,2,"Box came in broken, impossible to remove product from bottle, and the scent is a little off; almost like rotten limes. Would not recommend.",Poor packaging,en,beauty
en_0099671,product_en_0732786,reviewer_en_0806990,2,The money didnt shoot out very well. I returned this item. I was not a huge fan,Not reliable,en,toy
en_0032500,product_en_0949079,reviewer_en_0532930,2,"Cheaply made, doesn't pair half the time, and the sound cuts in and out a lot.",Not worth the price,en,wireless
en_0065166,product_en_0462450,reviewer_en_0064280,2,My little one said it is uncomfortable and we have a standard round toilet seat and the training seat would not fit it in!!!!,NOT GOOD,en,baby_product
en_0965257,product_en_0671705,reviewer_en_0484646,2,"Velcro came off on one shoe after two weeks of wearing. Also, not suitable for walking outside especially when the ground is wet (I should have read the description better - crib shoes for sure).",Not for walkers,en,shoes
en_0661278,product_en_0895025,reviewer_en_0952334,2,These were old Christmas candy.,Old candy,en,grocery
en_0595690,product_en_0003936,reviewer_en_0561360,2,"The sizing factor is incorrect. If you need a Small, order a Medium.","The sizing factor is incorrect. If you need a Small, order a Medium.",en,apparel
en_0318138,product_en_0130253,reviewer_en_0455636,2,Does. Not work for me like other I have purchased.,Disappointed,en,drugstore
en_0906511,product_en_0824118,reviewer_en_0204942,2,Most of them stopped working within 2 months. The last of the 4 just quit after 6 months.,Doesn't last,en,wireless
en_0786057,product_en_0919119,reviewer_en_0969717,2,I received the box in reasonable time. The box came severely damaged. It looked like it was used as a football. I didn’t wan to take a chance on receiving a damaged product so I opted to return it in the box it came in. I received the return sticker from ups the next day. The instructions as to what to do from there got sloppy. I had to jump through hoops to get the item back to amazon. Home pick up was supposed to be available but when I logged in it told me to take it to a local ups drop off. Went there only to find when I entered the info it was rejected and they directed me to a manned drop off. Very inconvenient. My last few amazon experiences have really tanked. Either it’s a no show or damaged packages....or this jumping through hoops. I hope they get their act together.,Poor handling of package,en,wireless
en_0918243,product_en_0180870,reviewer_en_0331174,2,It's ok. Cheap looking,Too expensive for size and look,en,baby_product
en_0338269,product_en_0297325,reviewer_en_0946250,2,It won’t even charge the battery up half way. Not worth the money at all.,Bye Bye Battery Life,en,other
en_0147739,product_en_0628473,reviewer_en_0847697,2,"I ordered medium for my elderly Mom. She likes things a bit large for comfort, BUT this size ""medium"" is more like an XL or larger. I don't believe I've ever seen such a discrepancy in sizes. I like the dress for my Mom, and she liked it too, but I'm not going to order another, because I'm afraid the small will still be much too large and I certainly don't want to pay for shipping again. Actually, since it's the company's fault by marking it as medium, and it's no way in shape or form a medium, they should have paid for shipping it back to them.",Medium? More like extra large!,en,apparel
en_0619938,product_en_0286831,reviewer_en_0738500,2,falls apart pretty quickly,Two Stars,en,furniture
en_0097109,product_en_0196167,reviewer_en_0805455,2,They were too tight even for little girls and one broke right away. The shorter one seems sturdier and may be usable long term. The other isn’t worth the purchase.,Poor quality and doesn’t last,en,beauty
en_0743265,product_en_0982121,reviewer_en_0661524,2,This was smaller than I expected it to be. I thought it would be blousy and flowy but it is form fitting.,Smaller than expected,en,apparel
en_0856233,product_en_0223796,reviewer_en_0418364,3,Product was larger than appearance in picture. Stuck out from end of rifle a fair bit. Quality is fine for price. There are better options available. Don’t get if you need tactility,Larger tab. Picture shows.,en,sports
en_0677222,product_en_0247704,reviewer_en_0533443,3,Came shipped in a envelope then in the bag you see. Little disappointed in the fact that I had just taken the white pair out of the bag to try them on and they were already falling apart in some areas. Good to note all 4 are sheer feel great. Strong silicone that holds up tight.,Cheap but works when you want to feel sexy without spending too much.,en,apparel
en_0216777,product_en_0758563,reviewer_en_0010854,3,"It's annoying to have to continually put the charger back into the laptop; anytime I move it the slightest bit, it unplugs. Charges fine as long as it's sitting still, but I move from room to room and shift around a bit as I work.",Plug that goes into laptop constantly falls out,en,pc
en_0451870,product_en_0361365,reviewer_en_0137569,3,"Cracked arrived, they should be careful with the packaging.","Cracked arrived, they should be careful with the packaging.",en,kitchen
en_0823890,product_en_0738485,reviewer_en_0670625,3,They are cute but the chemical smell is horrible!,Strong chemical smell,en,toy
en_0918423,product_en_0129253,reviewer_en_0756811,3,Was ok for a month then one of the cords doesnt stay in correctly. Going back to previous brand of usb cords that I have purchased on amazon,Was ok for a month then one of the cords ...,en,wireless
en_0131047,product_en_0081594,reviewer_en_0783021,3,Two of the toy balls are dangerous -- they are cheaply made and the metallic looking strips pull right off and is definitely not safe for kittens if they ingest it (kind of like string). The rest of the toys are fine.,Not the safest toys to get,en,pet_products
en_0170036,product_en_0885802,reviewer_en_0759886,3,I did not read that they were MINI!!,Three Stars,en,home
en_0746620,product_en_0335340,reviewer_en_0367725,3,"Cool designs, pretty cheaply made though. In the 2 weeks I've had them 2 have broken off or tarnished",You get what you pay for,en,apparel
en_0032132,product_en_0160086,reviewer_en_0420293,3,Just regular markers I guess,Three Stars,en,home
en_0190820,product_en_0107785,reviewer_en_0866899,3,Don’t work well when they have water or ice covering the sensor.,Light sensor very sensitive,en,home_improvement
en_0290679,product_en_0494458,reviewer_en_0130943,3,How can i contact sellers ? There are missing screws and i need them.,Missing screws,en,furniture
en_0303241,product_en_0219469,reviewer_en_0801460,3,I bought this product because I thought it would help me not get a flat tire. There are a lot of thorns in my area. Unfortunately it does not help against nails. For the most part it works but it's still not strong enough. I am still looking for the perfect tire liner.,Good but won't solve all your problems,en,other
en_0865608,product_en_0208645,reviewer_en_0286465,3,"I tried the chocolate latte flavor, based on the glowing reviews. These little drinks are super portable and do give quite the pick-me-up (read: caffeine buzz). However, they taste like mocha flavored cough medicine. Really. There is a pronounced, bitter aftertaste - I thought perhaps the first one I tried had gone bad. However, the next one I tried had the same issue. Looking closely at the ingredients, these contain baking soda . This would explain that gross aftertaste. I'm not sure if that's included as a preservative or what; regardless, it ruins the flavor. In order to get through a few very long days, I was able/willing to hold my nose and take my ""coffee shot"", but this is not something I enjoyed drinking. I gave three stars only because these do give a great jolt of energy.",Great pick-me up but AWFUL aftertaste,en,grocery
en_0926505,product_en_0969622,reviewer_en_0164970,3,The provided screws DO NOT work to secure the M.2 drive onto the adapter. This is SUPER frustrating because now I have to wait to get some.,Provided screws DO NOT FIT.,en,pc
en_0141651,product_en_0779465,reviewer_en_0172690,3,smaller than I anticipated. but very cute.,Three Stars,en,jewelry
en_0183302,product_en_0914118,reviewer_en_0165074,3,"I ordered two for a couple of my flags. With one sticking out, having pierced the packaging when it arrived, it was in tact, but the other one came with a broken weld where the square nut is supposed to be attached to the cuff. I'm looking all over Amazon and the only sand anchors I can find that don't screw into the ground all seem to be this same model, probably from the same manufacturer, being sold by only two or three sellers. The one that didn't arrived broken works wonderfully, I just hope that if I order another from a different seller, I will win the gamble of not having to return it.","May arrive broken, works great when it isn't.",en,lawn_and_garden
en_0818687,product_en_0145110,reviewer_en_0995725,3,The cup holder itself is difficult to use with a can and with a smaller cup it does not work well.,The cup holder itself is difficult to use with a ...,en,luggage
en_0486011,product_en_0625036,reviewer_en_0020952,3,"This product works ok for what I paid for it. But the accuracy could be better. I'm not sure I could really recommend this to anyone, but it's decent enough though.",this works ok,en,automotive
en_0358504,product_en_0742370,reviewer_en_0833906,3,good design. excessive small damages done in shipping due to lack of packing materials (and of course the constant disrespect of property by shipping companies). I would have returned if it were not for the fact that this is in my warehouse and cosmetics were not as important as they would be in a home,good design. excessive small damages done in shipping due ...,en,home_improvement
en_0030976,product_en_0244129,reviewer_en_0929752,3,"I really wanted to love these pants, but they are just alright. The waistband is kind of tight and digs into all the wrong places. The waistband is wide to try to prevent rolling, but instead it rolls in half and makes the bunching/digging in issue worse. If I pull the pants to ride a little lower to solve this issue then the pockets fall at the wrong places. In addition there is a weird seam across the back of the pants along where the back pockets are, which I have never seen on any ""real"" pair of pants, so if they are trying to make these look like regular dress slacks I am not sure why that seam is there. They function for the time being, but wouldn't buy many more pairs.",Just OK.,en,apparel
en_0267823,product_en_0191456,reviewer_en_0866132,3,"Altho I know I bought it “ used”, I did not expect it to be chipped. Disappointed.",Don’t buy a “ Used” item....,en,kitchen
en_0303723,product_en_0751744,reviewer_en_0616987,3,I ordered these to travel with and ended up when my young grandkids saw them they loved having their drinks of water from them. ( They did colapse too easily) So fascinated with how they can colapse and pull back up. We have not been able to use the largest one because there is a place on the top of the rim where it is jagged therefore not safe to use. I had not checked the whole set thoroughly and the time had passed where it was too late to return back to Amazon. Wish that there was a way to replace the large one.. Thanks.,... ended up when my young grandkids saw them they loved having their drinks of water from them,en,luggage
en_0868782,product_en_0150660,reviewer_en_0477392,3,Order large but after I wash them in cold water and put them on a very low heat drying cycle the T-shirt shrink a bit!,Order large but after I wash them in cold water ...,en,apparel
en_0530949,product_en_0587188,reviewer_en_0410259,3,"Had to return clogs. I ordered a half size larger than I normally would purchase, but the clogs were too short and tight in the toe area.",Had to return clogs. I ordered a half size ...,en,shoes
en_0699614,product_en_0376228,reviewer_en_0502230,3,"Ok, like everyone else said, this new design sucks. Like, it's really terrible. If you follow the instructions, it's not comfortable at all because it only molds to the top teeth if you use the tray. I re-molded it outside of the tray using both my upper and lower teeth, and now it's bearable. I miss the weird old plastic one I had by them, but alas, I chewed through it. :'(",New design sucks,en,beauty
en_0817296,product_en_0942573,reviewer_en_0560760,3,The book was not what I thought it would be.,No my type of book.,en,digital_ebook_purchase
en_0208932,product_en_0043471,reviewer_en_0716970,3,I thought the plot interesting and unique and liked how the author wove it all together in her story. I did feel there was far too much graphic sex passages that really were not necessary to make this a nice read. I usually just gloss over but it seemed I had to do it more than usual. That is the reason I went with this rating.,A lot of st,en,digital_ebook_purchase
en_0483978,product_en_0236086,reviewer_en_0786663,3,Works as it should. Kinda noisy and its not really mini.,Three Stars,en,pc
en_0820135,product_en_0160487,reviewer_en_0158835,3,Just arrived. Lights seem alright and quite bright. 3 stars because the cords for hooking the lights up in a series are not included. The way it is written up I was definitely expecting the cords to come with the lights. So now I need to find the right cords.,No cords to link them together,en,home_improvement
en_0406159,product_en_0192374,reviewer_en_0385089,3,It is a really cute swim suit. It came just as described. Nice material and not see through at all. Short were longer than i thought they would be which made me smile. I got a size larger because of past reviews. Glad it did. It all depends on how you want it to fit. I didn't want it skin tight. The only negative is there is no support in the bust. The built in bra fits very loosely.,Cute suit,en,apparel
en_0353911,product_en_0768842,reviewer_en_0586622,3,"I've been teaching high impact fitness classes for forty years, so naturally, I have a lot of foot issues. These pads gave some relief, but only lasted about a week before they fell apart. There are several in the package. so at least they were useful for a while, maybe for someone in less action classes.",Work well but...,en,drugstore
en_0078697,product_en_0993276,reviewer_en_0214887,3,There has just a slight change in the design from the first one I ever bought but there is a significant difference in the performance. You have to hold it at a different angle than what I was used but it still doesn't shave as well as the previous version.,Just okay.....,en,beauty
en_0817116,product_en_0986441,reviewer_en_0194366,3,Very cute but made small. I ordered a size larger than I normally wear and it was tight.,Runs small,en,apparel
en_0275106,product_en_0368509,reviewer_en_0143803,3,Looks nice but very small in depth only fit a couple piece of clothing in each drawer. Would recommend for a childs room....,Looks good but drawers way to small,en,furniture
en_0631619,product_en_0507177,reviewer_en_0394347,3,It keeps you warm but leaves a lot of lint and lose threads on my cloths.,A lot of lint.,en,apparel
en_0255883,product_en_0172035,reviewer_en_0764364,3,"It's Olive Oil soap and I'm allergic to Coconut Oil (which is in most soaps) so I wanted to try it. It doesn't lather well, because of lack of Coconut Oil. It doesn't smell good. But, it's very large and you can cut it in half and it lasts a long time!",Don't buy it for the smell,en,beauty
en_0302698,product_en_0270041,reviewer_en_0355164,3,"The kaleidoscope works fine but the box it came in was open and had a tear on one side. Clearly, they did not repackage the item well or just don't care.",As advertised but they gave me a used/opened item,en,toy
en_0411186,product_en_0095944,reviewer_en_0881971,3,"This should have been a better phone considering it was a flagship. buggy UI and samsung applications, poor signal quality. They have improved with the note 9, but this one I would still avoid.",Meh.......,en,wireless
en_0598592,product_en_0054405,reviewer_en_0605957,3,The stroller is fine but I found out it gets hot and my baby sweats a lot fast,It gets hot,en,baby_product
en_0808809,product_en_0498474,reviewer_en_0094274,3,The bracelet broke the next day randomly beads everywhere but the case is really pretty,... day randomly beads everywhere but the case is really pretty,en,wireless
en_0417585,product_en_0657148,reviewer_en_0400169,3,"For the most part this is a surprising solid and well built stand. There is one problem area and it's a big problem. The connection between the head and the rest of the stand is very weak and spreads out when a bike is placed on the head. This causes the whole head to tilt (see pics.). The bike I am working on is a Huffy mountain bike, probably the normal bike that many people will be working on. This issue could easily be fixed by the manufacturer by extending the head collar down the neck and adding more bolts. This would make this an excellent stand.",Good stand with one major weakness.,en,other
en_0878143,product_en_0390207,reviewer_en_0643972,3,Disappointed in the amount of cash it can hold. Difficult to get cards in and out,Nice try on my part,en,apparel
en_0494916,product_en_0767134,reviewer_en_0329844,3,I don’t understand why these bags are so long. Feel like they have combined several model styles in one bag and it’s not perfect,Ehh,en,home
en_0436404,product_en_0602979,reviewer_en_0716907,3,"Nicely priced, fast shipping. Easy to adjust belts that come in a nicely upscale box; however, there is an industrial/chemical odor when you open the box. Even after hanging the belts in the open air for a few weeks to get rid of the odor, they still stink when you put your nose right up to them. Should be okay to wear; but, it doesn't look like that nasty chemical smell is going away. I even tried placing them in a plastic bag with a scented laundry dryer sheet, with no luck. I'm guessing these CANNOT BE REAL LEATHER.","Great idea, comfortable belts, bad smell--cannot be real leather.",en,apparel
en_0117659,product_en_0319884,reviewer_en_0575885,3,"I purchased this product, which I received promptly and in good packaging. However, only 3 of the 4 cables were iPhone compatible as the product title describes. The 8 in, 3 ft, and 10 ft cables were correct. However, the 6 ft cable was a micro USB cable, which is used to charge Android devices.",which I received promptly and in good packaging. However,en,wireless
en_0030612,product_en_0510737,reviewer_en_0671354,3,"Bought this for cleaning an AR15, but it’s too small, had to return.",Too small for AR15,en,sports
en_0999757,product_en_0947817,reviewer_en_0590751,3,"I truly appreciate it when Budget books come out and enjoyed this one enough to recommend it. My negatives for this book are in regards to the Recipe Formats and photo Hyperlinks. As a person who often will pop open a digital Cookbook in the store, the paragraph format needs a redo. If you're not going to give exact measurements then at least add bullet points for each ingredient. Lastly, having photo Hyperlinks in the book was extremely annoying and distracting. I did enjoy the touch points on International Cuisine, Container Gardening and how to shop the Farmer's Market. Good job...",Fair to Middling...,en,digital_ebook_purchase
en_0831598,product_en_0799077,reviewer_en_0996516,3,Didn’t work as well as I hoped.,Not my best purchase,en,drugstore
en_0383624,product_en_0541089,reviewer_en_0198531,3,Charger does the job at charging the phone and I also like that it's slim. Only thing is doesn't provide that much protection. I dropped my phone and the charger came apart. The plastic that goes around the phone feels thin and easily breakable.,... the job at charging the phone and I also like that it's slim,en,wireless
en_0948302,product_en_0237096,reviewer_en_0745079,3,Item is a little flimsy and didn't come with instructions.,Meh,en,office_product
en_0287890,product_en_0127217,reviewer_en_0100869,3,"Well packaged, delivered on time.",Fair product,en,pc
en_0827388,product_en_0025963,reviewer_en_0437937,3,good case but gets stained so quick,go with the black!,en,wireless
en_0963873,product_en_0965993,reviewer_en_0096325,3,I really liked this beauty blender however it didn't last very long. Only a few weeks and the tip of it broke.,I really liked this beauty blender however it didn't last very long,en,beauty
en_0023210,product_en_0553040,reviewer_en_0060249,3,"The phone is okay, just have issues with camera. Won't open up most of the time,when it does it's my face is upside down so annoying.",Camera gets stuck n won't open.,en,wireless
en_0711669,product_en_0502109,reviewer_en_0498691,3,"The other reviews warned about the manual. they were right, it basically just tells you that it's a camera. There are 2 buttons, one on each side with the letter M. neither of which brings you to menu. So it's difficult to set the time or use any of it's features. I will be returning mine.",no. just no.,en,other
en_0744518,product_en_0212933,reviewer_en_0094600,3,"A piece of the side paneling was broken off when I received this item in the mail. I had wood glue, so it wasn't hard to fix, and I didn't want to wait for the item to have to be returned and then reshipped. But I would not buy it again, even though it is a beautiful item with good storage.",It was broken when I received it,en,home
en_0754015,product_en_0584301,reviewer_en_0738703,3,Runs a little small. Once you snap the inner buttons and the outer buttons it fits very snugly. Didn’t like that. And baby grew out of them faster than other products. I did like the side snaps when baby was real new as getting onesies over the head was a struggle. I wish these came in colors other than grey. Material on the medium thickness side. An ok product.,An ok product.,en,apparel
en_0100897,product_en_0852334,reviewer_en_0080532,3,"I have taken several brands of Ashwagandha supplements, but I cannot take this one. It did seem to have some of the effects that I expected, but It causes bleeding and tightness/pain in my side every time I take it for a few days in a row. I don't know what the difference is, but I would be a little careful with this one.",Caution Advised,en,drugstore
en_0302264,product_en_0977142,reviewer_en_0105394,3,One of the prints wasn’t Christmas and the feel of the fabric is not soft.,Fabric is stiff,en,home
en_0375830,product_en_0721579,reviewer_en_0449517,4,Blanket was big and plush - very good for cold nights. Would have liked if picture would have been more distinct.,Blanket was big and plush - very good for cold nights,en,home
en_0956740,product_en_0653768,reviewer_en_0961680,4,"It's my routine breakfast, and substitutes for any missed meal. It tastes cooked and canned, but I happen to be comfortable with that flavor.","Convenient. Fairly healthy, I think.",en,other
en_0402348,product_en_0081463,reviewer_en_0743141,4,"Great idea, will definitely get you up in the morning. It's biggest drawback is that you should be able to set it over Bluetooth, it is a huge pain to take it out of it's cover and manually program it each time when it could be a simple blue tooth connection.",It will get you out of bed.,en,electronics
en_0427980,product_en_0627483,reviewer_en_0856256,4,Great for measuring things that are far.,Four Stars,en,other
en_0528867,product_en_0828541,reviewer_en_0264363,4,My baby spends a lot of time on this. Not super soft but it's lightweight and is easy to transport.,Not super soft but it's lightweight and is easy to transport,en,toy
en_0294653,product_en_0054564,reviewer_en_0501141,4,"Charger has worked fine for my needs. The fan is very loud as is the end of cycle beep but noise aside, it's great.",Good charger on the go.,en,toy
en_0675957,product_en_0144678,reviewer_en_0285568,4,This does help give me that morning energy I need.,Energy,en,drugstore
en_0470525,product_en_0243191,reviewer_en_0505121,4,"First off, been buying this stuff for years-the wife and I go through it like some people buy milk, if ya know what I mean. Anyway, the bottles leak worse than my wife when she sees me naked. So, bad design. I'm thinking of wrapping some teflon tape on it. On the threads of the bottle, that is. The lube itself is top-notch and lasts for hours but it gets expensive. I spent more on this last year than on my kid's college fund. But in all fairness, it's a better investment. It also stays cool and maintains sufficient lubricity even in the high heat that is generated in extreme friction situations. So much so that, while I have not yet done it, I have pondered replacing the Mobil 1 full-synthetic oil in my truck with this stuff. So if you like to have the excitement, and who doesn't, get yourself some of this.",Slick Willy sez:,en,drugstore
en_0442869,product_en_0767031,reviewer_en_0993079,4,I have used this for lamps and lights. I had some trouble pairing it to Alexa as it put multiple names in the app for the same plug. For example it is a double plug but 3 living room lamps showed up in the app. Otherwise it is a good plug and less expensive than the Alexa plug. It is nice that it can control 2 items per socket.,2 plugs and can pair with Alexa,en,other
en_0404494,product_en_0809301,reviewer_en_0319441,4,They seem to work fine. Once you get dust on them they slip a little but its not a problem. Would purchase again.,they work,en,other
en_0571736,product_en_0857795,reviewer_en_0215190,4,"After I learned how to use this device, I was surprised and delighted at how much easier it is to dry my long, thick hair. More importantly, I was able to eliminate the second (straightening) process entirely, because this dryer also helped style and improve the condition of my hair. Quite amazing!",Surprisingly effective,en,beauty
en_0374087,product_en_0480698,reviewer_en_0727599,4,I personally think it helps relax me. The taste is ok but the smell is not the greatest,It’s ok.,en,drugstore
en_0288218,product_en_0682014,reviewer_en_0072782,4,They fit but they were to high.,The heal was to high. Thank you,en,shoes
en_0312212,product_en_0389544,reviewer_en_0829521,4,I do not believe this is a (natural) stone because it looks synthetic (man made) but is it beautiful.,I don't think is a natural stone.,en,home
en_0488122,product_en_0869430,reviewer_en_0449204,4,Great price and good quality but slightly more grey than I hoped but will still be using on my west facing door.,Great price and good quality but slightly more grey than ...,en,home
en_0822412,product_en_0636800,reviewer_en_0423343,4,It's a cute book. My baby likes the mirror on the last page and how the pages crinkles.,Good toy for babies,en,toy
en_0950211,product_en_0450369,reviewer_en_0275738,4,"Great for storing pantry items because you can see what’s in them! Perfectly clear plastic, quite strong.",Love the clarity,en,kitchen
en_0857171,product_en_0357723,reviewer_en_0186549,4,Nothing special just good quality,Nothing special just good quality,en,apparel
en_0135159,product_en_0018401,reviewer_en_0783185,4,Had a really old stain that I have tried EVERYTHING to get up with no luck. This product worked great and loosing up the stain in the fabric and allowing me to soak it up. The only negative is I had to use all four cans over multiple days to get it up. But again note that this stain has been there for years!!,Great Product,en,drugstore
en_0542225,product_en_0981246,reviewer_en_0524717,4,"this is well-designed and steady glasses, however, I have to return it because of polarized lens. it is not used to me, very hard to see properly.",Fine glasses,en,shoes
en_0930346,product_en_0468475,reviewer_en_0442973,4,"I really like this tank. I am still trying to figure out the pump though. I have to run the pump and turn it off because it is too strong for my beta fish. The fish is swimming against it and appears to be struggling. I will be doing the first cleaning and hope that maybe it was something I did wrong because that filter is the reason why I bought it. The size of the tank is perfect for the beta and the LED lights are great. I added a heater to the tank and the casing on the back of the tank does not click in place. Otherwise the tank is well made. The instructions could be a little better written as well. Since I have a beta I kept it because technically they are okay without a filter but having a working pump without such a strong pull in a small tank would definitely be a plus for the fish. Will continue to work on this, if it works later I will come back and rewrite my review to reflect it.",Hard to regulate the pump flow,en,pet_products
en_0747661,product_en_0097166,reviewer_en_0564171,4,This was a good read. I enjoyed reading both books. I would absolutely recommend this book to everyone I don’t think you will regret buying it. Thank you.,GOOD READ,en,digital_ebook_purchase
en_0827166,product_en_0227118,reviewer_en_0546326,4,These mats were a great addition to my new car! They fit nicely in my Honda I sight and feel durable. The price was great! I’m taking off one star because they do need to be readjusted sometimes as they seem to slid ever so slightly.,Great fit for the price,en,automotive
en_0805198,product_en_0656899,reviewer_en_0231182,4,Feel like am at a nice hotel!,These folks are GOOD,en,home_improvement
en_0331970,product_en_0457381,reviewer_en_0746035,4,Quick delivery works as it should. Thank you,Good cord,en,other
en_0720821,product_en_0401139,reviewer_en_0061146,4,Works great. I plan on buying more.,Works great. I plan on buying more,en,home_improvement
en_0282294,product_en_0450182,reviewer_en_0093551,4,Very pleased. Cannot wait to get season 2.,Excellent anime,en,other
en_0458119,product_en_0022677,reviewer_en_0289930,4,Great movie and acting. Well done to the end.,Great movie.,en,other
en_0904453,product_en_0090586,reviewer_en_0871614,4,Ok I got this for $85 new and it's sold out now from that seller. For $85 it's 5 stars! The only thing is that the bottom wasnt fully painted. Like they didn't do an even coat of paint. But when I put it together it does look amazing and expensive...Very very story and easy to put together. It also is a good size kinda large. I do love it would buy again at that $85 price only.,LOOKS VERY NICE,en,furniture
en_0881922,product_en_0907754,reviewer_en_0861214,4,Very comfortable hand grip foam covers but can be a chore to install without damaging the foam.,Four Stars,en,automotive
en_0707851,product_en_0288009,reviewer_en_0778305,4,Cute toy. My grandson loves it.,Four Stars,en,toy
en_0824073,product_en_0911825,reviewer_en_0393751,4,This arrived in good condition from Japan. I think it will be handy when I want to make miso soup from scratch instead of a prepackaged soup.,Arrived In Good Condition,en,kitchen
en_0635320,product_en_0959313,reviewer_en_0448376,4,Love it. Works great with my iPhone X. Use it for taking video of trail rides and for general use with google maps and phone calls. I do suggest securing the nut provided tightly when you go out on trail. Tighten it after you get your phone where you want it.,Great for trail rides and phone use.,en,automotive
en_0936858,product_en_0497382,reviewer_en_0141462,4,"Good quality, definitely what I was hoping I would receive.",Great quality,en,wireless
en_0402893,product_en_0019183,reviewer_en_0442216,4,"Three screen protectors come in one order, super easy to install. I only applied it yesterday, but because of the curvature of the screen on my iPhone 8 Plus, the screen protector doesn't seem to adhere for about a millimeter all the way around. Other than that, really good so far!",good so far,en,wireless
en_0470063,product_en_0849877,reviewer_en_0801612,4,Wow! For emotional whiplash with these two. Kane was the epitome of a broody alpha and damn I loved every minute of it. Watching these two push and pull trying to find their way to their HEA was frustrating and sweet and so fun!,A push and pull love story,en,digital_ebook_purchase
en_0624890,product_en_0827315,reviewer_en_0046536,4,My husband loves the shirts I like them because they do not shrink after washing hold it shape also thanks,My husband loves the shirts I like them because they do not shrink after washing hold ...,en,apparel
en_0311910,product_en_0827702,reviewer_en_0540429,4,"The ketogenic vegetarian diet is an absolute diet which is I felt very necessary for everyone who are confused about their diet though, it will assist in selecting right diet. This diet will surely help you to heal your body and upgrade your lifestyle; each of this book recipes is well explained.",The ketogenic vegetarian diet is an absolute diet which is ...,en,digital_ebook_purchase
en_0748277,product_en_0718123,reviewer_en_0195703,4,"Still fogs a little, but way less. Pretty comfortable even though one of my nose guard things came off and am having a hard time clipping it back on. I guess i could glue it on.",Pretty comfortable even though one of my nose guard things ...,en,other
en_0629079,product_en_0790529,reviewer_en_0823728,4,"Well designed in the simplicity. I like games that look the closest to using paper (hardly extra junk, bells and whistles, just the game.) The game itself is quite fun, lots of levels from really easy to extremely tough.","Fun, well designed",en,other
en_0790171,product_en_0249823,reviewer_en_0836041,4,"I bought these with the intention to add to my Brain Flakes collection (because the Creative Kids Flakes were less expensive). Creative Kid Flakes were much thinner and not compatible with the Brain Flakes. I really like both products, just don't try to combine them. Creative Kid Flakes are thinner and less expensive than Brain Flakes. My students enjoy using them just as much as Brain Flakes. If you need to be budget conscious, Creative Kids Flakes are the way to go!",These are not compatible with Brain Flakes,en,toy
en_0032431,product_en_0490865,reviewer_en_0308892,4,"These are rather stylish and simple sock shoes. They are very comfortable and great in the summer. I would not recommend wearing these on a rainy day as they are effectively socks with a sole. After three months of constant use the stitching has held up surprisingly well, but it seems that I have torn the inside of the sole and my feet are now digging it out. Also would not recommend running or going on any difficult terrain in these as they do not have any ankle support and I have found my ankle slipping around. Overall a very aesthetic and eye drawing shoe, that will maybe last you a season or 2 for the price.",Stylish and catchy but not a running shoe,en,toy
en_0415034,product_en_0229118,reviewer_en_0957113,4,"These are very good quality, and the arch support is good for my old feet. However, the heel is a bit loose for my narrow feet. I would not be able to wear the slippers without socks.",good quality,en,shoes
en_0057491,product_en_0143603,reviewer_en_0798723,4,"I have many ear buds, the Peats sound great. The battery lasts all day. I have not tried Alex yet. They are not uncomfortable after using all day. The only improvement I would recommend is a better clasp to clip on to your shirt.",Great battery life.,en,wireless
en_0296584,product_en_0590850,reviewer_en_0494163,4,Perhaps extra-strength cream would cover my problems better. Will order it next time,pretty good price-wise and fast delivery,en,drugstore
en_0561531,product_en_0362971,reviewer_en_0914083,4,The product is good but my order was short of a soap,The problem is good,en,beauty
en_0658540,product_en_0816150,reviewer_en_0490935,4,"It's a great stand for the price, however the instructions at times are very unclear if you're new at using a stand like this. Last bit of advice for anyone buying one, make sure you have someone helping you install your monitors and set the arms to the center, otherwise the off balance will tilt the base stand and it can become a mess. You really want to have someone helping you set this up if possible, it can be done alone, but it's a little bit of a hassle.",It's a great stand for the price,en,pc
en_0436779,product_en_0085572,reviewer_en_0861551,4,We loved the necklace but the chain broke 2 weeks after we received it. Can I get it fixed or replaced?,Getting it repaired or replaced,en,other
en_0921604,product_en_0557135,reviewer_en_0216950,4,"ok for camping tapestry, will work to help block out sun. material is raw cut on edges, kinda just like cut off bolt of fabric. for price it is as expected. colors are not exactly like in photo but again you get what you paid for",tapestry,en,home
en_0051619,product_en_0488026,reviewer_en_0816871,4,Another good movie with the Rock!,The Rock Rules!,en,digital_video_download
en_0389957,product_en_0045171,reviewer_en_0018327,4,"Very comfortable (great for long shifts where I need to be standing) I believe there were reviews saying to order half a size up, but I would say these were true to size, now my flats are half a size too big",Comfortable and true to size,en,shoes
en_0570830,product_en_0107199,reviewer_en_0857959,4,Thes are so pretty and appear to be good quality. I am going to give them as gifts at Christmas to my coworkers. The price was perfect. I needed 8 pairs.,"Simple, pretty and cute.",en,jewelry
en_0095007,product_en_0153620,reviewer_en_0823436,4,I love this product and so does my son very helpful. Only downside is that whatever you put in it usually stains but so much better then the cloth version,I love this product and so does my son very helpful,en,baby_product
en_0085856,product_en_0675079,reviewer_en_0952238,4,"works very well, haven't used all the features but love the steam button.",haven't used all the features but love the steam button,en,home
en_0524780,product_en_0701645,reviewer_en_0744693,4,I enjoy reading legal thrillers and this one did not disappoint. The ending was very satisfying also. I dropped it down to a four because of the bad language.,Good courtroom drama,en,digital_ebook_purchase
en_0616855,product_en_0864663,reviewer_en_0290185,4,"awesome hat, 4 stars for being smashed in the box.",Sweet hat bad ship,en,apparel
en_0134831,product_en_0614747,reviewer_en_0071470,4,Looks bigger online.,Needs a full 8 hour charge before use.,en,toy
en_0277648,product_en_0386480,reviewer_en_0813764,4,"I recommend this to any Star Wars novel fan, enjoy a good solid story with solid action and great writing.",Good story,en,digital_ebook_purchase
en_0290023,product_en_0867231,reviewer_en_0040441,4,"As noted by other reviewers the scent does not last very long. It is very strong at first, but the scent fades quickly. So it goes from overpowering to nothing in a matter of days. However, works well to remove unwanted odors for a short time. I used on my air purifier.",Scent does not last,en,home_improvement
en_0074401,product_en_0572133,reviewer_en_0190576,4,I can see how this would work for some which is why I gave it 4 stars however on me it rubbed my underarms so it wasn't very comfortable.,Meh,en,drugstore
en_0777093,product_en_0677540,reviewer_en_0257829,5,I have zero issues with it. Works well for green screen application purposes.,Works Well,en,home_improvement
en_0241280,product_en_0760201,reviewer_en_0555077,5,I have been using this pot everyday for about a month now to steam baby food and veggies. It has been very durable so far. Seems like good quality as well.,Excellent product!,en,kitchen
en_0939214,product_en_0380913,reviewer_en_0944081,5,"This deodorant is awesome. I got it mainly to try reducing plastic waste. I got the unscented. I had been using Native, which I’d initially loved, but the grittiness was getting to me, and I truly hate plastic deodorant packaging. I don’t get a lot of odor but this keeps me dry-even in 95 degree temperatures, and no odor. It goes on smoothly, like rubbing a soft pastel under my arms. I just remember b it in a bit and done. No grit. I use the paper as a holder. The only flaw is that it comes from abroad, so that’s not good carbon footprint wise.",Love it,en,beauty
en_0616492,product_en_0708868,reviewer_en_0023639,5,"Too many earrings and not enough ways to see them was my problem. Although not all big earrings will fit in these compartments, most of them do and I can easily see which ones are there without opening up the case. I have 3 of these now and plan for a couple more to replace earring boxes with solid tops and compartments that are too deep to extract a delicate earring.",Great Earring Organizer,en,apparel
en_0099953,product_en_0017180,reviewer_en_0921382,5,Provides the hold I need on a daily bases,Dependability and price,en,other
en_0553522,product_en_0869253,reviewer_en_0944459,5,Made great stocking stuffers!!,Five Stars,en,other
en_0153717,product_en_0262459,reviewer_en_0548531,5,Favorite sling ever go ahead and buy one,Five Stars,en,sports
en_0083492,product_en_0315494,reviewer_en_0567219,5,"Super comfy, and love the pockets. Use it daily for workout",Super comfy!,en,apparel
en_0588175,product_en_0415161,reviewer_en_0053751,5,Keeps my feet warm and dry during my hikes.,Very comfortable,en,apparel
en_0189706,product_en_0669169,reviewer_en_0191940,5,Fun colors. Perfect for my one year old niece. Definitely a little larger than I expected would could be hard to hold for some.,Cute toy,en,toy
en_0555370,product_en_0871709,reviewer_en_0092946,5,Love it. I'm going to get more.,Love it!,en,home_improvement
en_0106609,product_en_0438587,reviewer_en_0769517,5,Arrived before scheduled. Did as directed on instructions. Works beautifully and is a very soothing ambiance,Great product..great price,en,home_improvement
en_0703680,product_en_0378552,reviewer_en_0041111,5,"Nice, heavy duty walker. It is too wide for some doors.",Heavy Duty,en,toy
en_0989275,product_en_0459668,reviewer_en_0269537,5,"Arrived quickly, went on easily, fell better having it protect my screen.",Costco,en,wireless
en_0813729,product_en_0989263,reviewer_en_0170820,5,"I bought them as a gift for a little boy, He loves them a much. It was easy to put on the wall. Prints arrived in good conditions.",Very cute.,en,home
en_0916593,product_en_0871634,reviewer_en_0224458,5,Backpacked europe for ten days with this and was great. Affordable and nice design!,Best backpack ever!,en,luggage
en_0344782,product_en_0971125,reviewer_en_0245268,5,I used these on the table and around the house for my murder mystery dinner party. Great addition. Not reusable.,Great for Murder Mystery Dinner Party.,en,kitchen
en_0050237,product_en_0742093,reviewer_en_0255819,5,Great fun for your dog....saves your arm too!,Five Stars,en,pet_products
en_0873342,product_en_0258635,reviewer_en_0327428,5,"Watch the online video on how to replace blades. Once I did, it was easy and fast.",good blades,en,automotive
en_0730947,product_en_0895735,reviewer_en_0423033,5,Got this replacement battery for my old white MacBook! Super cheap and super satisfied. Works like new again!! Thank you!,Great Product!,en,pc
en_0576852,product_en_0816409,reviewer_en_0847453,5,Worked great stopped leak i my Sub Zero refrigerator saved me thousands$$$$,Works great,en,automotive
en_0954881,product_en_0754545,reviewer_en_0037417,5,"After paying for Netflix and Hulu, I don’t want to waste money on monthly cable bills, but I still want access to local stations which also carries the live sports games on weekends. This antenna does just that. It comes in just one item, the antenna with the cable to connect to the TV. The antenna is not that big and is made of some flexible plastic material. I can easily hide it behind the TV. It was able to pick up those over the air local station in HD, and that’s all I need. Happy with the item.",This was my answer to receive local channels,en,electronics
en_0328069,product_en_0668029,reviewer_en_0908377,5,"I've been buying a couple bands for my Fitbit every six months or so. This has been my favorite by far. Because the watch is only water resistant, it's not like I'm worried about the leather getting all wet. This is so comfortable, adjustable and looks classic. Previous bands I have bought would get funky against my skin or had a magnet that interfered with my laptop, phone and other metal or magnetic objects.",Wish I had bought leather years ago,en,wireless
en_0366936,product_en_0024522,reviewer_en_0253767,5,"Yes, the spoiled has this too! We both love it.....I got to go back to my 4 mile/day walks!",Another Max recommended.....,en,pet_products
en_0156150,product_en_0127213,reviewer_en_0497875,5,"Item received, Thank you very much!",The item came in.,en,grocery
en_0373863,product_en_0859312,reviewer_en_0340575,5,"As an event planner, I've used these at outdoor/poolside parties. They add a 'sophisticated' elegance, but no worries about having 60 dinner plates/dessert dishes and flatware that can break or get lost. The matching cups were used for wine. I've purchased many sets and used black & white linen tablecloths to dress it up even more. The napkins were used from the set as they feel like and are the size of a cloth napkin.",Perfect for disposable,en,kitchen
en_0104363,product_en_0689136,reviewer_en_0815601,5,Nothing to dislike. Exactly as described. Would repurchase.,Just as described!,en,beauty
en_0576305,product_en_0493108,reviewer_en_0252950,5,Ive been drinking Yerba Mate for years now and honestly this stuff does not compare to the other brands I’ve tried and stood by. That side by side photo of these Yerba leaves vs the stems/leaves photo of the other brands really is true and there are helpful tips for a better brewing experience on the box. I will definitely keep buying this brand instead.,Side by side comparison of this Yerba vs. others is legit!,en,grocery
en_0987862,product_en_0670254,reviewer_en_0798017,5,I'm really happy with these skates. They are sturdy and perfect one for a beginner. My 3yr old son is having so much fun. Fisher Price products have always been the best including this one!!,Love them!! :),en,toy
en_0142572,product_en_0319617,reviewer_en_0513866,5,Perfect fit. I purchased an XL. Criss Cross is slightly revealing but not too bad.,Perfect fit. I purchased an XL,en,apparel
en_0358321,product_en_0315245,reviewer_en_0443449,5,"I use these for several things such as keeping my wash cloth handy, hanging items to dry, etc.",They fit drawers great,en,home
en_0191360,product_en_0871076,reviewer_en_0182925,5,This was for my dad. He really need a case so I got him this one and it is really durable,Good case,en,sports
en_0302315,product_en_0839626,reviewer_en_0895986,5,"This wig did not disappoint! Beautiful color, shine without looking fake, and easy to style. Reacted well to low heat styling. Arrived very curly, I straightened and styled on my own. No damage whatsoever from heat styling. Tracks have wide spacing, BUT this wig is very voluminous. Pictures included are with zero tweezing on the lace. Very happy!",You will not regret buying this!,en,beauty
en_0761404,product_en_0654185,reviewer_en_0789616,5,I got this set for my brother's reveal party. It's high quality and we had every component we needed to setup a great event.,"Purchased last minute, saved me",en,toy
en_0772472,product_en_0704009,reviewer_en_0273083,5,Very good quality fabric. Worked well for my little project.,Five Stars,en,home
en_0519691,product_en_0220995,reviewer_en_0759728,5,This product was hard to use with potential to be dangerous. I would not recommend this to anyone.,This egg holder product is not useful!,en,kitchen
en_0588182,product_en_0510681,reviewer_en_0512743,5,THE ITEM ARRIVED IN A TIMELY MANNER. AND THE PRICE WAS GREAT,Five Stars,en,grocery
en_0650113,product_en_0472544,reviewer_en_0355906,5,"I have had mild to moderate dry eyes for years. This is the only product thus far, that has kept my eyes moist and made wearing my contacts more comfortable.",Really Works!,en,drugstore
en_0954807,product_en_0857612,reviewer_en_0624039,5,Wow what a deal my sister is a photographer and she loved loved loved it and it’s not cheap looking or feeling very good quality especially for the price.,loved loved loved it,en,kitchen
en_0118266,product_en_0308235,reviewer_en_0055672,5,Was a great Christmas present. Everyone wanted one,Love it,en,kitchen
en_0256802,product_en_0461747,reviewer_en_0291866,5,Belt works great and a 3-pack is a good deal.,Excellent.,en,apparel
en_0451031,product_en_0179179,reviewer_en_0774343,5,it works well and looks so real! it can be real or a prop!,works well!,en,industrial_supplies
en_0934251,product_en_0277821,reviewer_en_0841074,5,Very nice kit. Does the job.,Nice,en,other
en_0749121,product_en_0051232,reviewer_en_0924832,5,Good quality. Comfy.,Raiders socks,en,apparel
en_0409219,product_en_0314208,reviewer_en_0115628,5,"Well made, but no screws",No screws,en,automotive
en_0716938,product_en_0499982,reviewer_en_0894129,5,This my first time to hear about Python and Raspberry PI and was hyped to finish reading this book. Raspberry Pi has gone through several generations since the program was first created and released to the public. The very first generation of the program was released in 2012 which was then followed by another model that was inexpensive and straightforward to use. This book is great for those people who wants to become an excellent programmer.,Interesting Book !!,en,digital_ebook_purchase
en_0091764,product_en_0817181,reviewer_en_0735501,5,"Great for extra absorbency, especially for night use, and they dry easier/faster than the microfiber.",Highly absorbent,en,baby_product
en_0254812,product_en_0491831,reviewer_en_0086949,5,Camera works great in our baby's room. Have no complaints other than the temp gauge seems to fluctuate quite a bit.,Good video monitor camera,en,baby_product
en_0650159,product_en_0935410,reviewer_en_0019298,5,Love it bag was it hit.....,May not fit any phone pass IPhone 6,en,shoes
en_0123145,product_en_0621039,reviewer_en_0923640,5,Exactly as described. Small and modular. Fits easily in a locker or bag. Dual action pump works fast. Easily pumped up my new soccer ball.,Compact Pump Packs a Punch,en,sports
en_0130833,product_en_0197065,reviewer_en_0577192,5,A very unique and somewhat existential book that is not just for children. This book actually gets you thinking. There are some concepts addressed hear that take you out of the ordinary story book and into an outer world that is just as real as we live in today. I can’t wait to see what else this author does!,A very unique and somewhat existential book that is not ...,en,digital_ebook_purchase
en_0753293,product_en_0122704,reviewer_en_0603427,5,"Makes moving large, heavy furniture very easy.",heavy furniture very easy.,en,home_improvement
en_0306295,product_en_0791267,reviewer_en_0765023,5,"We like that it’s easy to use, just put an sd card or usb drive. Comes with a remote since photos on the ad doesn’t show one just so you know. So far it’s working great, no problem at all.",Simple Design,en,camera
en_0545877,product_en_0497494,reviewer_en_0012041,5,"I use these for everything. From hanging washcloths and towels, oven mitts, kitchen utensils, cleaning supplies, etc. gets stuff off my counter and out of the way. Couldn’t be more ideal! These are strong, solid S hooks that aren’t going to bend or break with regular use. I love that they have little caps to smooth out the rough ends and prevent stuff from falling off. They work wonderfully.",Heavy duty solid S Hooks,en,home
en_0897981,product_en_0010265,reviewer_en_0630325,5,"We have these on the driveway, garage and on the fence in the back yard. No need to leave the back light on anymore when we go away. Surprises anyone who is lurking around and not expecting it too :D They are bright and helps when I am unloading groceries from the car at night. Planning to get at least 1 more for the back yard, maybe 2.",Perfect lights.,en,home_improvement
en_0155670,product_en_0687254,reviewer_en_0351934,5,Cake to replace. The included socket was a life saver and the flexible rod mad it easy to install in a tight space.,Cake to replace,en,home_improvement
en_0792270,product_en_0888215,reviewer_en_0475799,5,My daughter is almost 2 and LOVES this! We bought it as a toy to keep in the car during a long road trip and now she plays with it every day!,Great to keep in the car!,en,toy
en_0745825,product_en_0289878,reviewer_en_0926323,5,"I bought this product with the stabilizer together and tried it on with my iPhone to see how it actually works. The led light gives me a substantial amount of light that is required for my shootings! But I suggest you buy more than one if you want to get all-angled lighting since the light might not be big enough to cover a wide-angle shot. It is easy to use, bright and meets my need. Recommended!",It is bright indeed!,en,camera
en_0227489,product_en_0560427,reviewer_en_0222463,5,Very healthy snack! My family and I enjoyed it! We would purchase this product again!,My family and I enjoyed it! We would purchase this product again,en,grocery
en_0859252,product_en_0924810,reviewer_en_0967368,5,"Works well. Wish it fit in my iPad cover like the adapter that came with my pen did, but otherwise very happy with the purchase.","Good value, works well.",en,electronics
